sport_name,game_date,today_date,league_name,setting,team_name,elo,ml,implied_odds,ml_value_idx
mlb,2024-06-03,2024-06-03,,away,Milwaukee Brewers,0.43,1.75,0.36363636363636365,1.1824999999999999
eurobb,2024-06-03,2024-06-03,ESP,home,Murcia,0.446,1.65,0.37735849056603776,1.1819
mlb,2024-06-03,2024-06-03,,home,Texas Rangers,0.595,-1.05,0.5121951219512195,1.1616666666666666
mlb,2024-06-03,2024-06-03,,away,San Diego Padres,0.61,-1.4,0.5833333333333334,1.0457142857142856
mlb,2024-06-03,2024-06-03,,away,San Francisco Giants,0.47,1.15,0.46511627906976744,1.0105
mlb,2024-06-03,2024-06-03,,away,New York Mets,0.496,-1.05,0.5121951219512195,0.9683809523809523
mlb,2024-06-03,2024-06-03,,home,Houston Astros,0.619,-1.8,0.6428571428571429,0.9628888888888888
mlb,2024-06-03,2024-06-03,,away,St. Louis Cardinals,0.381,1.5,0.4,0.9525
mlb,2024-06-03,2024-06-03,,home,Washington Nationals,0.504,-1.15,0.5348837209302325,0.9422608695652175
mlb,2024-06-03,2024-06-03,,home,Arizona Diamondbacks,0.53,-1.35,0.574468085106383,0.9225925925925925
mlb,2024-06-03,2024-06-03,,home,Los Angeles Angels,0.39,1.2,0.45454545454545453,0.8580000000000001
mlb,2024-06-03,2024-06-03,,home,Philadelphia Phillies,0.57,-2.1,0.6774193548387097,0.8414285714285713
eurobb,2024-06-03,2024-06-03,ESP,away,Unicaja,0.5539999999999999,-2.0,0.6666666666666666,0.831
mlb,2024-06-03,2024-06-03,,away,Detroit Tigers,0.405,-1.15,0.5348837209302325,0.7571739130434784
nhl,2024-06-02,2024-06-02,,home,Dallas Stars,0.591,1.8,0.3571428571428571,1.6547999999999998
wnba,2024-06-02,2024-06-02,,away,Los Angeles,0.601,1.75,0.3636363636363636,1.65275
wnba,2024-06-02,2024-06-02,,away,Dallas,0.476,2.45,0.2898550724637681,1.6422
mlb,2024-06-02,2024-06-02,,home,Philadelphia Phillies,0.688,-1.35,0.574468085106383,1.1976296296296294
mlb,2024-06-02,2024-06-02,,away,San Diego Padres,0.5429999999999999,1.1,0.4761904761904761,1.1403
eurobb,2024-06-02,2024-06-02,ESP,away,Real Madrid,0.53,1.05,0.4878048780487805,1.0865
wnba,2024-06-02,2024-06-02,,away,Connecticut,0.6559999999999999,-1.55,0.607843137254902,1.0792258064516127
mlb,2024-06-02,2024-06-02,,home,Atlanta Braves,0.757,-2.4,0.7058823529411765,1.0724166666666666
eurobb,2024-06-02,2024-06-02,GRE,away,Panathinaikos,0.929,-7.04,0.8756218905472638,1.0609602272727272
mlb,2024-06-02,2024-06-02,,home,Baltimore Orioles,0.599,-1.3,0.5652173913043479,1.0597692307692306
wnba,2024-06-02,2024-06-02,,home,New York,0.964,-11.11,0.9174236168455822,1.050768676867687
mlb,2024-06-02,2024-06-02,,home,Chicago Cubs,0.573,-1.2,0.5454545454545454,1.0505
mlb,2024-06-02,2024-06-02,,home,Cleveland Guardians,0.623,-1.5,0.6,1.038333333333333
mlb,2024-06-02,2024-06-02,,home,Los Angeles Dodgers,0.7559999999999999,-2.7,0.7297297297297297,1.0359999999999998
mlb,2024-06-02,2024-06-02,,away,Detroit Tigers,0.4529999999999999,1.25,0.4444444444444444,1.01925
mlb,2024-06-02,2024-06-02,,home,Toronto Blue Jays,0.633,-1.65,0.6226415094339622,1.0166363636363638
mlb,2024-06-02,2024-06-02,,home,Milwaukee Brewers,0.759,-3.0,0.75,1.012
mlb,2024-06-02,2024-06-02,,away,Minnesota Twins,0.4479999999999999,1.25,0.4444444444444444,1.008
mlb,2024-06-02,2024-06-02,,away,New York Yankees,0.5670000000000001,-1.3,0.5652173913043479,1.003153846153846
mlb,2024-06-02,2024-06-02,,away,Texas Rangers,0.556,-1.25,0.5555555555555556,1.0008
mlb,2024-06-02,2024-06-02,,home,New York Mets,0.51,-1.05,0.5121951219512195,0.9957142857142856
eurobb,2024-06-02,2024-06-02,ISR,home,Maccabi Tel Aviv,0.972,-66.67,0.9852224028372988,0.9865792710364482
eurobb,2024-06-02,2024-06-02,CRO,home,Zadar,0.7959999999999999,-4.26,0.8098859315589354,0.9828544600938964
mlb,2024-06-02,2024-06-02,,home,Seattle Mariners,0.653,-2.0,0.6666666666666666,0.9795
eurobb,2024-06-02,2024-06-02,ISR,home,Hapoel Jerusalem,0.8140000000000001,-5.0,0.8333333333333334,0.9768
mlb,2024-06-02,2024-06-02,,home,Houston Astros,0.552,-1.5,0.6,0.9200000000000002
mlb,2024-06-02,2024-06-02,,away,Los Angeles Angels,0.347,1.65,0.3773584905660377,0.91955
mlb,2024-06-02,2024-06-02,,away,Arizona Diamondbacks,0.49,-1.15,0.5348837209302325,0.9160869565217392
mlb,2024-06-02,2024-06-02,,home,Boston Red Sox,0.547,-1.5,0.6,0.9116666666666668
mlb,2024-06-02,2024-06-02,,home,Miami Marlins,0.444,1.05,0.4878048780487805,0.9102
mlb,2024-06-02,2024-06-02,,home,San Francisco Giants,0.433,1.1,0.4761904761904761,0.9093
mlb,2024-06-02,2024-06-02,,away,Pittsburgh Pirates,0.367,1.4,0.4166666666666667,0.8808
nhl,2024-06-02,2024-06-02,,away,Edmonton Oilers,0.409,1.15,0.4651162790697674,0.87935
mlb,2024-06-02,2024-06-02,,away,Cincinnati Reds,0.427,1.0,0.5,0.8540000000000001
mlb,2024-06-02,2024-06-02,,away,Washington Nationals,0.377,1.25,0.4444444444444444,0.8482500000000001
eurobb,2024-06-02,2024-06-02,ESP,home,Barcelona,0.47,-1.25,0.5555555555555556,0.8459999999999999
mlb,2024-06-02,2024-06-02,,away,Tampa Bay Rays,0.401,1.1,0.4761904761904761,0.8421000000000001
mlb,2024-06-02,2024-06-02,,away,Chicago White Sox,0.241,2.4,0.2941176470588235,0.8194
mlb,2024-06-02,2024-06-02,,home,Kansas City Royals,0.457,-1.3,0.5652173913043479,0.8085384615384614
wnba,2024-06-02,2024-06-02,,home,Atlanta,0.344,1.3,0.4347826086956522,0.7911999999999999
eurobb,2024-06-02,2024-06-02,ISR,away,Hapoel Holon,0.186,3.2,0.238095238095238,0.7812000000000001
mlb,2024-06-02,2024-06-02,,away,Colorado Rockies,0.244,2.2,0.3125,0.7807999999999999
eurobb,2024-06-02,2024-06-02,CRO,away,Split,0.204,2.75,0.2666666666666666,0.765
mlb,2024-06-02,2024-06-02,,away,Oakland Athletics,0.243,1.95,0.3389830508474576,0.71685
wnba,2024-06-02,2024-06-02,,home,Minnesota,0.524,-3.06,0.7536945812807881,0.6952418300653596
mlb,2024-06-02,2024-06-02,,away,St. Louis Cardinals,0.312,1.15,0.4651162790697674,0.6708000000000001
wnba,2024-06-02,2024-06-02,,home,Phoenix,0.3989999999999999,-2.1,0.6774193548387097,0.5889999999999999
eurobb,2024-06-02,2024-06-02,GRE,home,Aris,0.071,5.0,0.1666666666666666,0.426
eurobb,2024-06-02,2024-06-02,ISR,away,Ironi Nes Ziona,0.0279999999999999,11.0,0.0833333333333333,0.3359999999999999
wnba,2024-06-02,2024-06-02,,away,Indiana,0.036,7.0,0.125,0.288
eurobb,2024-06-01,2024-06-01,ESP,home,Murcia,0.512,1.65,0.3773584905660377,1.3568
nhl,2024-06-01,2024-06-01,,away,New York Rangers,0.395,2.3,0.303030303030303,1.3035
mlb,2024-06-01,2024-06-01,,home,Milwaukee Brewers,0.759,-1.6,0.6153846153846154,1.233375
milb,2024-06-01,2024-06-01,PCL,home,Round Rock Express,0.695,-1.3,0.5652173913043479,1.2296153846153843
milb,2024-06-01,2024-06-01,PCL,home,Reno Aces,0.6409999999999999,-1.15,0.5348837209302325,1.198391304347826
wnba,2024-06-01,2024-06-01,,away,Chicago,0.653,-1.2,0.5454545454545454,1.1971666666666667
nhl,2024-06-01,2024-06-01,,home,Florida Panthers,0.605,-1.05,0.5121951219512195,1.181190476190476
mlb,2024-06-01,2024-06-01,,home,Philadelphia Phillies,0.6829999999999999,-1.55,0.607843137254902,1.1236451612903224
amerbb,2024-06-01,2024-06-01,BRA,away,Franca,0.345,2.2,0.3125,1.104
mlb,2024-06-01,2024-06-01,,away,New York Yankees,0.564,-1.05,0.5121951219512195,1.101142857142857
milb,2024-06-01,2024-06-01,INT,away,Buffalo Bisons,0.536,1.05,0.4878048780487805,1.0988
milb,2024-06-01,2024-06-01,PCL,home,Las Vegas Aviators,0.474,1.3,0.4347826086956522,1.0901999999999998
mlb,2024-06-01,2024-06-01,,away,Arizona Diamondbacks,0.496,1.15,0.4651162790697674,1.0664
mlb,2024-06-01,2024-06-01,,home,Boston Red Sox,0.539,-1.05,0.5121951219512195,1.0523333333333331
mlb,2024-06-01,2024-06-01,,home,Toronto Blue Jays,0.633,-1.55,0.607843137254902,1.0413870967741934
mlb,2024-06-01,2024-06-01,,home,Seattle Mariners,0.6509999999999999,-1.7,0.6296296296296295,1.033941176470588
milb,2024-06-01,2024-06-01,INT,away,Durham Bulls,0.547,-1.15,0.5348837209302325,1.0226521739130436
mlb,2024-06-01,2024-06-01,,home,Cleveland Guardians,0.615,-1.55,0.607843137254902,1.011774193548387
milb,2024-06-01,2024-06-01,INT,home,Louisville Bats,0.5489999999999999,-1.2,0.5454545454545454,1.0065
mlb,2024-06-01,2024-06-01,,home,Atlanta Braves,0.754,-3.11,0.75669099756691,0.9964437299035368
mlb,2024-06-01,2024-06-01,,home,Los Angeles Dodgers,0.7559999999999999,-3.15,0.7590361445783131,0.996
mlb,2024-06-01,2024-06-01,,away,San Diego Padres,0.5429999999999999,-1.2,0.5454545454545454,0.9955
milb,2024-06-01,2024-06-01,INT,home,Indianapolis Indians,0.451,1.2,0.4545454545454545,0.9922
mlb,2024-06-01,2024-06-01,,home,Chicago Cubs,0.578,-1.4,0.5833333333333334,0.9908571428571428
mlb,2024-06-01,2024-06-01,,home,Houston Astros,0.552,-1.3,0.5652173913043479,0.9766153846153846
mlb,2024-06-01,2024-06-01,,away,Tampa Bay Rays,0.406,1.4,0.4166666666666667,0.9744
milb,2024-06-01,2024-06-01,INT,away,Lehigh Valley IronPigs,0.497,-1.05,0.5121951219512195,0.9703333333333334
mlb,2024-06-01,2024-06-01,,home,Baltimore Orioles,0.594,-1.65,0.6226415094339622,0.954
mlb,2024-06-01,2024-06-01,,away,Minnesota Twins,0.4479999999999999,1.1,0.4761904761904761,0.9408
milb,2024-06-01,2024-06-01,INT,home,Memphis Redbirds,0.503,-1.15,0.5348837209302325,0.940391304347826
milb,2024-06-01,2024-06-01,INT,away,Nashville Sounds,0.497,-1.15,0.5348837209302325,0.9291739130434784
mlb,2024-06-01,2024-06-01,,away,Cincinnati Reds,0.422,1.2,0.4545454545454545,0.9284
milb,2024-06-01,2024-06-01,INT,away,Omaha Storm Chasers,0.5489999999999999,-1.5,0.6,0.915
mlb,2024-06-01,2024-06-01,,home,Kansas City Royals,0.457,1.0,0.5,0.914
milb,2024-06-01,2024-06-01,INT,home,Columbus Clippers,0.503,-1.25,0.5555555555555556,0.9054
mlb,2024-06-01,2024-06-01,,away,Washington Nationals,0.385,1.3,0.4347826086956522,0.8855
mlb,2024-06-01,2024-06-01,,home,New York Mets,0.504,-1.35,0.574468085106383,0.8773333333333333
mlb,2024-06-01,2024-06-01,,away,Colorado Rockies,0.244,2.55,0.2816901408450704,0.8662
mlb,2024-06-01,2024-06-01,,away,Detroit Tigers,0.461,-1.15,0.5348837209302325,0.8618695652173914
mlb,2024-06-01,2024-06-01,,away,Oakland Athletics,0.246,2.5,0.2857142857142857,0.8610000000000001
milb,2024-06-01,2024-06-01,INT,away,Iowa Cubs,0.451,-1.1,0.5238095238095238,0.861
amerbb,2024-06-01,2024-06-01,BRA,home,Flamengo,0.655,-3.21,0.7624703087885986,0.8590498442367602
mlb,2024-06-01,2024-06-01,,away,Los Angeles Angels,0.349,1.45,0.4081632653061224,0.8550500000000001
milb,2024-06-01,2024-06-01,PCL,away,Sugar Land Space Cowboys,0.526,-1.6,0.6153846153846154,0.85475
milb,2024-06-01,2024-06-01,INT,home,Jacksonville Jumbo Shrimp,0.4529999999999999,-1.15,0.5348837209302325,0.8469130434782609
mlb,2024-06-01,2024-06-01,,away,Pittsburgh Pirates,0.367,1.3,0.4347826086956522,0.8441000000000001
mlb,2024-06-01,2024-06-01,,home,San Francisco Giants,0.436,-1.15,0.5348837209302325,0.8151304347826087
milb,2024-06-01,2024-06-01,INT,home,Syracuse Mets,0.4639999999999999,-1.35,0.574468085106383,0.8077037037037036
eurobb,2024-06-01,2024-06-01,ESP,away,Unicaja,0.488,-2.0,0.6666666666666666,0.732
mlb,2024-06-01,2024-06-01,,away,St. Louis Cardinals,0.317,1.3,0.4347826086956522,0.7291
wnba,2024-06-01,2024-06-01,,home,Indiana,0.347,1.0,0.5,0.6940000000000001
milb,2024-06-01,2024-06-01,PCL,away,Salt Lake Bees,0.359,-1.15,0.5348837209302325,0.6711739130434783
milb,2024-06-01,2024-06-01,PCL,away,El Paso Chihuahuas,0.305,1.0,0.5,0.61
mlb,2024-06-01,2024-06-01,,away,Chicago White Sox,0.241,1.35,0.425531914893617,0.56635
nhl,2024-05-31,2024-05-31,,home,Dallas,0.619,1.35,0.425531914893617,1.45465
mlb,2024-05-31,2024-05-31,,home,Milwaukee Brewers,0.7509999999999999,-1.65,0.6226415094339622,1.206151515151515
wnba,2024-05-31,2024-05-31,Western,home,Minnesota,0.867,-3.0,0.75,1.156
wnba,2024-05-31,2024-05-31,Western,away,Dallas,0.263,3.2,0.238095238095238,1.1046
mlb,2024-05-31,2024-05-31,,away,Detroit Tigers,0.45,1.45,0.4081632653061224,1.1025000000000005
mlb,2024-05-31,2024-05-31,,home,Atlanta Braves,0.762,-2.25,0.6923076923076923,1.100666666666667
eurobb,2024-05-31,2024-05-31,ISR,away,Maccabi Tel Aviv,0.911,-5.0,0.8333333333333334,1.0932
wnba,2024-05-31,2024-05-31,Western,away,Las Vegas,0.866,-4.0,0.8,1.0825
mlb,2024-05-31,2024-05-31,,away,Washington Nationals,0.369,1.85,0.3508771929824561,1.05165
eurobb,2024-05-31,2024-05-31,ISR,home,Hapoel Holon,0.456,1.3,0.4347826086956522,1.0488
mlb,2024-05-31,2024-05-31,,home,Seattle Mariners,0.6509999999999999,-1.65,0.6226415094339622,1.0455454545454546
mlb,2024-05-31,2024-05-31,,home,Philadelphia Phillies,0.6829999999999999,-1.9,0.6551724137931034,1.0424736842105262
eurobb,2024-05-31,2024-05-31,CRO,home,Split,0.556,-1.15,0.5348837209302325,1.0394782608695654
mlb,2024-05-31,2024-05-31,,away,Arizona Diamondbacks,0.501,1.05,0.4878048780487805,1.02705
eurobb,2024-05-31,2024-05-31,ESP,home,Real Madrid,0.763,-2.91,0.7442455242966752,1.0251993127147765
mlb,2024-05-31,2024-05-31,,home,Houston Astros,0.547,-1.15,0.5348837209302325,1.0226521739130436
mlb,2024-05-31,2024-05-31,,home,Baltimore Orioles,0.595,-1.4,0.5833333333333334,1.0199999999999998
eurobb,2024-05-31,2024-05-31,GRE,home,Panathinaikos,0.976,-24.39,0.9606144151240646,1.0160164001640015
mlb,2024-05-31,2024-05-31,,home,Toronto Blue Jays,0.631,-1.65,0.6226415094339622,1.0134242424242426
wnba,2024-05-31,2024-05-31,Western,home,New York,0.931,-12.05,0.9233716475095786,1.0082614107883816
mlb,2024-05-31,2024-05-31,,away,Texas Rangers,0.5670000000000001,-1.3,0.5652173913043479,1.003153846153846
mlb,2024-05-31,2024-05-31,,home,Kansas City Royals,0.4539999999999999,1.2,0.4545454545454545,0.9988
mlb,2024-05-31,2024-05-31,,away,New York Yankees,0.563,-1.3,0.5652173913043479,0.9960769230769227
nhl,2024-05-31,2024-05-31,,away,Edmonton,0.381,1.6,0.3846153846153846,0.9906
mlb,2024-05-31,2024-05-31,,home,Los Angeles Dodgers,0.76,-3.4,0.7727272727272726,0.983529411764706
mlb,2024-05-31,2024-05-31,,home,Chicago Cubs,0.585,-1.55,0.607843137254902,0.9624193548387096
mlb,2024-05-31,2024-05-31,,away,Cincinnati Reds,0.415,1.3,0.4347826086956522,0.9545
mlb,2024-05-31,2024-05-31,,away,San Diego Padres,0.546,-1.4,0.5833333333333334,0.936
wnba,2024-05-31,2024-05-31,Western,home,Connecticut,0.737,-4.0,0.8,0.92125
mlb,2024-05-31,2024-05-31,,home,San Francisco Giants,0.437,1.1,0.4761904761904761,0.9177000000000002
mlb,2024-05-31,2024-05-31,,home,Cleveland Guardians,0.631,-2.25,0.6923076923076923,0.9114444444444444
mlb,2024-05-31,2024-05-31,,home,Miami Marlins,0.433,1.1,0.4761904761904761,0.9093
mlb,2024-05-31,2024-05-31,,home,New York Mets,0.499,-1.25,0.5555555555555556,0.8982
mlb,2024-05-31,2024-05-31,,away,Tampa Bay Rays,0.405,1.2,0.4545454545454545,0.8910000000000001
mlb,2024-05-31,2024-05-31,,away,Colorado Rockies,0.24,2.7,0.2702702702702702,0.8880000000000001
mlb,2024-05-31,2024-05-31,,away,Pittsburgh Pirates,0.369,1.4,0.4166666666666667,0.8855999999999999
mlb,2024-05-31,2024-05-31,,away,Minnesota Twins,0.4529999999999999,-1.05,0.5121951219512195,0.8844285714285713
mlb,2024-05-31,2024-05-31,,home,Boston Red Sox,0.55,-1.7,0.6296296296296295,0.8735294117647061
eurobb,2024-05-31,2024-05-31,ISR,away,Hapoel Jerusalem,0.544,-1.8,0.6428571428571429,0.8462222222222222
mlb,2024-05-31,2024-05-31,,away,Los Angeles Angels,0.349,1.4,0.4166666666666667,0.8375999999999999
mlb,2024-05-31,2024-05-31,,away,St. Louis Cardinals,0.317,1.6,0.3846153846153846,0.8242
eurobb,2024-05-31,2024-05-31,CRO,away,Zadar,0.444,-1.25,0.5555555555555556,0.7992
eurobb,2024-05-31,2024-05-31,ESP,away,Barcelona,0.237,2.35,0.2985074626865671,0.79395
mlb,2024-05-31,2024-05-31,,away,Oakland Athletics,0.238,1.85,0.3508771929824561,0.6783000000000001
mlb,2024-05-31,2024-05-31,,away,Chicago White Sox,0.249,1.4,0.4166666666666667,0.5976
wnba,2024-05-31,2024-05-31,Western,away,Washington,0.069,7.5,0.1176470588235294,0.5865
wnba,2024-05-31,2024-05-31,Western,home,Atlanta,0.134,3.2,0.238095238095238,0.5628000000000001
wnba,2024-05-31,2024-05-31,Western,away,Phoenix,0.133,2.4,0.2941176470588235,0.4522
eurobb,2024-05-31,2024-05-31,ISR,home,Ironi Nes Ziona,0.089,3.2,0.238095238095238,0.3738000000000001
eurobb,2024-05-31,2024-05-31,GRE,away,Aris,0.024,12.0,0.0769230769230769,0.312
wnba,2024-05-30,2024-05-30,,home,Indiana,0.6659999999999999,2.05,0.3278688524590164,2.0312999999999994
eurobb,2024-05-30,2024-05-30,FRA-A,home,Bourg-en-Bresse,0.514,2.05,0.3278688524590164,1.5677
kbo,2024-05-31,2024-05-30,,home,Samsung Lions,0.583,1.55,0.3921568627450981,1.4866499999999998
kbo,2024-05-31,2024-05-30,,away,LG Twins,0.5589999999999999,1.35,0.425531914893617,1.3136499999999998
nhl,2024-05-30,2024-05-30,,away,Florida Panthers,0.5489999999999999,1.3,0.4347826086956522,1.2626999999999995
wnba,2024-05-30,2024-05-30,,home,Chicago,0.784,-1.8,0.6428571428571429,1.2195555555555555
nhl,2024-05-30,2024-05-30,,home,New York Rangers,0.451,1.7,0.3703703703703703,1.2177
npb,2024-05-31,2024-05-30,,home,Orix Buffaloes,0.68,-1.3,0.5652173913043479,1.203076923076923
eurobb,2024-05-30,2024-05-30,BUL,home,Balkan,0.542,1.1,0.4761904761904761,1.1382
npb,2024-05-31,2024-05-30,,away,Hiroshima Toyo Carp,0.436,1.6,0.3846153846153846,1.1336000000000002
milb,2024-05-30,2024-05-30,PCL,home,Round Rock Express,0.705,-1.65,0.6226415094339622,1.132272727272727
mlb,2024-05-30,2024-05-30,,home,Tampa Bay Rays,0.69,-1.6,0.6153846153846154,1.12125
milb,2024-05-30,2024-05-30,INT,away,Buffalo Bisons,0.536,1.05,0.4878048780487805,1.0988
milb,2024-05-30,2024-05-30,PCL,home,Reno Aces,0.628,-1.35,0.574468085106383,1.093185185185185
npb,2024-05-31,2024-05-30,,home,Hokkaido Nippon Ham Fighters,0.542,1.0,0.5,1.084
kbo,2024-05-31,2024-05-30,,home,Lotte Giants,0.45,1.4,0.4166666666666667,1.08
mlb,2024-05-30,2024-05-30,,home,Milwaukee Brewers,0.597,-1.25,0.5555555555555556,1.0746
milb,2024-05-30,2024-05-30,INT,away,Durham Bulls,0.527,1.0,0.5,1.054
milb,2024-05-30,2024-05-30,INT,home,Omaha Storm Chasers,0.584,-1.25,0.5555555555555556,1.0512
mlb,2024-05-30,2024-05-30,,home,Atlanta Braves,0.6990000000000001,-2.0,0.6666666666666666,1.0485000000000002
npb,2024-05-31,2024-05-30,,home,Saitama Seibu Lions,0.487,1.15,0.4651162790697674,1.04705
kbo,2024-05-31,2024-05-30,,away,KT Wiz,0.474,1.2,0.4545454545454545,1.0428
npb,2024-05-31,2024-05-30,,home,Tohoku Rakuten Golden Eagles,0.598,-1.35,0.574468085106383,1.0409629629629629
milb,2024-05-30,2024-05-30,PCL,home,Las Vegas Aviators,0.494,1.1,0.4761904761904761,1.0374
mlb,2024-05-30,2024-05-30,,away,Houston Astros,0.474,1.15,0.4651162790697674,1.0191
nba,2024-05-30,2024-05-30,,away,Dallas,0.39,1.6,0.3846153846153846,1.0140000000000002
mlb,2024-05-30,2024-05-30,,home,Boston Red Sox,0.552,-1.2,0.5454545454545454,1.0120000000000002
milb,2024-05-30,2024-05-30,INT,away,Omaha Storm Chasers,0.527,-1.1,0.5238095238095238,1.0060909090909091
mlb,2024-05-30,2024-05-30,,away,New York Yankees,0.633,-1.7,0.6296296296296295,1.0053529411764708
mlb,2024-05-30,2024-05-30,,home,New York Mets,0.499,1.0,0.5,0.998
npb,2024-05-31,2024-05-30,,home,Chiba Lotte Marines,0.484,1.05,0.4878048780487805,0.9922
milb,2024-05-30,2024-05-30,INT,home,Louisville Bats,0.546,-1.25,0.5555555555555556,0.9828
kbo,2024-05-31,2024-05-30,,home,Kiwoom Heroes,0.476,1.05,0.4878048780487805,0.9758
mlb,2024-05-30,2024-05-30,,home,Minnesota Twins,0.591,-1.55,0.607843137254902,0.972290322580645
amerbb,2024-05-30,2024-05-30,MEX,away,Tijuana,0.674,-2.3,0.6969696969696969,0.9670434782608696
eurobb,2024-05-30,2024-05-30,ESP,home,Unicaja,0.841,-7.04,0.8756218905472638,0.9604602272727272
eurobb,2024-05-30,2024-05-30,ESP,away,Murcia,0.159,5.0,0.1666666666666666,0.954
kbo,2024-05-31,2024-05-30,,away,SSG Landers,0.524,-1.25,0.5555555555555556,0.9432
milb,2024-05-30,2024-05-30,INT,away,Nashville Sounds,0.494,-1.1,0.5238095238095238,0.943090909090909
mlb,2024-05-30,2024-05-30,,away,Kansas City Royals,0.409,1.3,0.4347826086956522,0.9407
milb,2024-05-30,2024-05-30,INT,home,Columbus Clippers,0.5,-1.15,0.5348837209302325,0.9347826086956522
milb,2024-05-30,2024-05-30,INT,away,Lehigh Valley IronPigs,0.5,-1.15,0.5348837209302325,0.9347826086956522
nba,2024-05-30,2024-05-30,,home,Minnesota,0.61,-1.9,0.6551724137931034,0.9310526315789474
npb,2024-05-31,2024-05-30,,away,Hanshin Tigers,0.516,-1.25,0.5555555555555556,0.9288
milb,2024-05-30,2024-05-30,INT,home,Memphis Redbirds,0.506,-1.2,0.5454545454545454,0.9276666666666668
mlb,2024-05-30,2024-05-30,,away,Arizona Diamondbacks,0.501,-1.2,0.5454545454545454,0.9185
mlb,2024-05-30,2024-05-30,,home,Seattle Mariners,0.526,-1.35,0.574468085106383,0.9156296296296296
kbo,2024-05-31,2024-05-30,,home,Kia Tigers,0.526,-1.4,0.5833333333333334,0.9017142857142856
mlb,2024-05-30,2024-05-30,,home,Los Angeles Angels,0.367,1.45,0.4081632653061224,0.8991500000000002
mlb,2024-05-30,2024-05-30,,away,Detroit Tigers,0.4479999999999999,1.0,0.5,0.8959999999999999
npb,2024-05-31,2024-05-30,,away,Yomiuri Giants,0.513,-1.35,0.574468085106383,0.8929999999999999
milb,2024-05-30,2024-05-30,INT,away,Iowa Cubs,0.4539999999999999,-1.05,0.5121951219512195,0.8863809523809523
kbo,2024-05-31,2024-05-30,,away,NC Dinos,0.55,-1.65,0.6226415094339622,0.8833333333333334
milb,2024-05-30,2024-05-30,PCL,away,Sugar Land Space Cowboys,0.506,-1.4,0.5833333333333334,0.8674285714285714
milb,2024-05-30,2024-05-30,INT,home,Indianapolis Indians,0.473,-1.2,0.5454545454545454,0.8671666666666666
npb,2024-05-31,2024-05-30,,away,Tokyo Yakult Swallows,0.402,1.15,0.4651162790697674,0.8643000000000001
amerbb,2024-05-30,2024-05-30,MEX,home,Guaymas,0.326,1.65,0.3773584905660377,0.8639
npb,2024-05-31,2024-05-30,,home,Fukuoka Softbank Hawks,0.564,-1.9,0.6551724137931034,0.8608421052631579
npb,2024-05-31,2024-05-30,,away,Yokohama BayStars,0.4579999999999999,-1.2,0.5454545454545454,0.8396666666666667
milb,2024-05-30,2024-05-30,INT,home,Jacksonville Jumbo Shrimp,0.473,-1.3,0.5652173913043479,0.8368461538461537
mlb,2024-05-30,2024-05-30,,away,Chicago Cubs,0.4029999999999999,1.05,0.4878048780487805,0.8261499999999998
milb,2024-05-30,2024-05-30,INT,away,Indianapolis Indians,0.416,-1.05,0.5121951219512195,0.8121904761904762
milb,2024-05-30,2024-05-30,INT,home,Syracuse Mets,0.4639999999999999,-1.35,0.574468085106383,0.8077037037037036
mlb,2024-05-30,2024-05-30,,away,Washington Nationals,0.301,1.65,0.3773584905660377,0.79765
eurobb,2024-05-30,2024-05-30,BUL,away,Rilski Sportist,0.4579999999999999,-1.5,0.6,0.7633333333333333
milb,2024-05-30,2024-05-30,PCL,away,Salt Lake Bees,0.372,1.05,0.4878048780487805,0.7626000000000001
mlb,2024-05-30,2024-05-30,,away,Oakland Athletics,0.31,1.35,0.425531914893617,0.7285
kbo,2024-05-31,2024-05-30,,home,Doosan Bears,0.441,-1.6,0.6153846153846154,0.716625
milb,2024-05-30,2024-05-30,PCL,away,El Paso Chihuahuas,0.295,1.35,0.425531914893617,0.6932499999999999
eurobb,2024-05-30,2024-05-30,FRA-A,away,AS Monaco,0.486,-2.5,0.7142857142857143,0.6804
npb,2024-05-31,2024-05-30,,away,Chunichi Dragons,0.32,1.1,0.4761904761904761,0.672
kbo,2024-05-31,2024-05-30,,away,Hanwha Eagles,0.417,-1.85,0.6491228070175439,0.6424054054054055
wnba,2024-05-30,2024-05-30,,away,Los Angeles,0.216,1.5,0.4,0.54
wnba,2024-05-30,2024-05-30,,away,Seattle,0.3339999999999999,-2.5,0.7142857142857143,0.4675999999999999
wnba,2024-05-29,2024-05-29,,home,Washington,0.6759999999999999,1.25,0.4444444444444444,1.521
nhl,2024-05-29,2024-05-29,,away,Dallas Stars,0.5429999999999999,1.75,0.3636363636363636,1.4932499999999995
mlb,2024-05-29,2024-05-29,,home,Milwaukee Brewers,0.608,1.2,0.4545454545454545,1.3376
wnba,2024-05-29,2024-05-29,,away,Las Vegas,0.8290000000000001,-1.9,0.6551724137931034,1.2653157894736844
mlb,2024-05-29,2024-05-29,,home,Detroit Tigers,0.569,1.2,0.4545454545454545,1.2518
kbo,2024-05-30,2024-05-29,,away,Kiwoom Heroes,0.429,1.9,0.3448275862068966,1.2441
milb,2024-05-29,2024-05-29,PCL,home,Round Rock Express,0.7,-1.5,0.6,1.1666666666666667
milb,2024-05-29,2024-05-29,INT,home,Indianapolis Indians,0.473,1.45,0.4081632653061224,1.1588500000000002
mlb,2024-05-29,2024-05-29,,home,Atlanta Braves,0.6940000000000001,-1.55,0.607843137254902,1.141741935483871
kbo,2024-05-30,2024-05-29,,away,KT Wiz,0.494,1.3,0.4347826086956522,1.1362
npb,2024-05-30,2024-05-29,,away,Saitama Seibu Lions,0.523,1.15,0.4651162790697674,1.12445
milb,2024-05-29,2024-05-29,PCL,home,Reno Aces,0.623,-1.25,0.5555555555555556,1.1214
mlb,2024-05-29,2024-05-29,,away,Los Angeles Dodgers,0.61,-1.2,0.5454545454545454,1.1183333333333334
npb,2024-05-30,2024-05-29,,home,Hanshin Tigers,0.609,-1.25,0.5555555555555556,1.0961999999999998
mlb,2024-05-29,2024-05-29,,home,Tampa Bay Rays,0.7,-1.8,0.6428571428571429,1.0888888888888888
milb,2024-05-29,2024-05-29,PCL,home,Las Vegas Aviators,0.483,1.25,0.4444444444444444,1.08675
milb,2024-05-29,2024-05-29,INT,away,Buffalo Bisons,0.527,1.05,0.4878048780487805,1.08035
milb,2024-05-29,2024-05-29,INT,away,Durham Bulls,0.539,1.0,0.5,1.078
npb,2024-05-30,2024-05-29,,away,Tohoku Rakuten Golden Eagles,0.501,1.15,0.4651162790697674,1.07715
eurobb,2024-05-29,2024-05-29,CRO,home,Split,0.487,1.2,0.4545454545454545,1.0714
wnba,2024-05-29,2024-05-29,,home,New York,0.978,-11.11,0.9174236168455822,1.066028802880288
mlb,2024-05-29,2024-05-29,,away,Cleveland Guardians,0.637,-1.5,0.6,1.0616666666666668
mlb,2024-05-29,2024-05-29,,away,Philadelphia Phillies,0.599,-1.3,0.5652173913043479,1.0597692307692306
eurobb,2024-05-29,2024-05-29,ESP,home,Real Madrid,0.728,-2.3,0.6969696969696969,1.044521739130435
mlb,2024-05-29,2024-05-29,,away,Toronto Blue Jays,0.657,-1.7,0.6296296296296295,1.0434705882352944
mlb,2024-05-29,2024-05-29,,home,Minnesota Twins,0.585,-1.3,0.5652173913043479,1.035
npb,2024-05-30,2024-05-29,,away,Chiba Lotte Marines,0.55,-1.15,0.5348837209302325,1.0282608695652176
kbo,2024-05-30,2024-05-29,,away,LG Twins,0.585,-1.35,0.574468085106383,1.018333333333333
milb,2024-05-29,2024-05-29,INT,away,Iowa Cubs,0.46,1.2,0.4545454545454545,1.012
kbo,2024-05-30,2024-05-29,,home,NC Dinos,0.516,-1.05,0.5121951219512195,1.0074285714285711
nhl,2024-05-29,2024-05-29,,home,Edmonton Oilers,0.457,1.2,0.4545454545454545,1.0054
npb,2024-05-30,2024-05-29,,away,Orix Buffaloes,0.49,1.05,0.4878048780487805,1.0045
mlb,2024-05-29,2024-05-29,,home,San Diego Padres,0.6409999999999999,-1.8,0.6428571428571429,0.9971111111111108
npb,2024-05-30,2024-05-29,,home,Yomiuri Giants,0.446,1.2,0.4545454545454545,0.9812
mlb,2024-05-29,2024-05-29,,away,New York Yankees,0.6409999999999999,-1.9,0.6551724137931034,0.9783684210526314
mlb,2024-05-29,2024-05-29,,away,St. Louis Cardinals,0.4629999999999999,1.1,0.4761904761904761,0.9723
mlb,2024-05-29,2024-05-29,,home,Baltimore Orioles,0.637,-1.9,0.6551724137931034,0.9722631578947368
milb,2024-05-29,2024-05-29,INT,away,Lehigh Valley IronPigs,0.486,1.0,0.5,0.972
kbo,2024-05-30,2024-05-29,,home,Hanwha Eagles,0.483,1.0,0.5,0.966
mlb,2024-05-29,2024-05-29,,home,Texas Rangers,0.5529999999999999,-1.35,0.574468085106383,0.9626296296296294
mlb,2024-05-29,2024-05-29,,away,Arizona Diamondbacks,0.447,1.15,0.4651162790697674,0.96105
mlb,2024-05-29,2024-05-29,,home,Cincinnati Reds,0.537,-1.3,0.5652173913043479,0.950076923076923
npb,2024-05-30,2024-05-29,,away,Fukuoka Softbank Hawks,0.5539999999999999,-1.4,0.5833333333333334,0.9497142857142856
kbo,2024-05-30,2024-05-29,,away,Lotte Giants,0.517,-1.2,0.5454545454545454,0.9478333333333334
mlb,2024-05-29,2024-05-29,,away,Boston Red Sox,0.363,1.6,0.3846153846153846,0.9438
milb,2024-05-29,2024-05-29,INT,away,Nashville Sounds,0.503,-1.15,0.5348837209302325,0.940391304347826
mlb,2024-05-29,2024-05-29,,home,Los Angeles Angels,0.359,1.6,0.3846153846153846,0.9334
milb,2024-05-29,2024-05-29,INT,home,Memphis Redbirds,0.497,-1.15,0.5348837209302325,0.9291739130434784
npb,2024-05-30,2024-05-29,,home,Hiroshima Toyo Carp,0.51,-1.25,0.5555555555555556,0.918
milb,2024-05-29,2024-05-29,INT,home,Columbus Clippers,0.514,-1.3,0.5652173913043479,0.9093846153846152
kbo,2024-05-30,2024-05-29,,away,Kia Tigers,0.484,-1.15,0.5348837209302325,0.9048695652173914
milb,2024-05-29,2024-05-29,INT,home,Louisville Bats,0.54,-1.5,0.6,0.9000000000000001
mlb,2024-05-29,2024-05-29,,away,Miami Marlins,0.359,1.5,0.4,0.8975
kbo,2024-05-30,2024-05-29,,home,SSG Landers,0.415,1.15,0.4651162790697674,0.89225
npb,2024-05-30,2024-05-29,,home,Tokyo Yakult Swallows,0.45,-1.05,0.5121951219512195,0.8785714285714286
mlb,2024-05-29,2024-05-29,,away,Kansas City Royals,0.415,1.1,0.4761904761904761,0.8715
npb,2024-05-30,2024-05-29,,home,Yokohama BayStars,0.499,-1.35,0.574468085106383,0.8686296296296295
milb,2024-05-29,2024-05-29,PCL,away,Sugar Land Space Cowboys,0.517,-1.55,0.607843137254902,0.8505483870967742
mlb,2024-05-29,2024-05-29,,home,San Francisco Giants,0.401,1.1,0.4761904761904761,0.8421000000000001
mlb,2024-05-29,2024-05-29,,home,Chicago White Sox,0.3429999999999999,1.45,0.4081632653061224,0.84035
eurobb,2024-05-29,2024-05-29,CRO,away,Zadar,0.513,-1.6,0.6153846153846154,0.833625
kbo,2024-05-30,2024-05-29,,home,Doosan Bears,0.506,-1.55,0.607843137254902,0.8324516129032258
npb,2024-05-30,2024-05-29,,home,Chunichi Dragons,0.477,-1.35,0.574468085106383,0.8303333333333334
milb,2024-05-29,2024-05-29,INT,home,Syracuse Mets,0.473,-1.35,0.574468085106383,0.8233703703703703
milb,2024-05-29,2024-05-29,INT,away,Omaha Storm Chasers,0.527,-1.8,0.6428571428571429,0.8197777777777777
kbo,2024-05-30,2024-05-29,,home,Samsung Lions,0.5710000000000001,-2.3,0.6969696969696969,0.8192608695652176
mlb,2024-05-29,2024-05-29,,home,Colorado Rockies,0.363,1.25,0.4444444444444444,0.81675
milb,2024-05-29,2024-05-29,INT,home,Jacksonville Jumbo Shrimp,0.461,-1.3,0.5652173913043479,0.8156153846153845
npb,2024-05-30,2024-05-29,,away,Hokkaido Nippon Ham Fighters,0.391,1.05,0.4878048780487805,0.80155
eurobb,2024-05-29,2024-05-29,ESP,away,Barcelona,0.272,1.9,0.3448275862068966,0.7888000000000001
mlb,2024-05-29,2024-05-29,,home,New York Mets,0.39,1.0,0.5,0.78
mlb,2024-05-29,2024-05-29,,away,Oakland Athletics,0.3,1.5,0.4,0.7499999999999999
mlb,2024-05-29,2024-05-29,,away,Pittsburgh Pirates,0.431,-1.4,0.5833333333333334,0.7388571428571428
milb,2024-05-29,2024-05-29,PCL,away,Salt Lake Bees,0.377,-1.05,0.5121951219512195,0.7360476190476191
mlb,2024-05-29,2024-05-29,,away,Washington Nationals,0.306,1.3,0.4347826086956522,0.7037999999999999
mlb,2024-05-29,2024-05-29,,away,Chicago Cubs,0.392,-1.4,0.5833333333333334,0.6719999999999999
milb,2024-05-29,2024-05-29,PCL,away,El Paso Chihuahuas,0.3,1.2,0.4545454545454545,0.66
wnba,2024-05-29,2024-05-29,,away,Atlanta,0.324,-1.5,0.6,0.54
wnba,2024-05-29,2024-05-29,,home,Minnesota,0.171,1.6,0.3846153846153846,0.4446
wnba,2024-05-29,2024-05-29,,away,Phoenix,0.022,7.0,0.125,0.176
wnba,2024-05-28,2024-05-28,,home,Chicago,0.87,1.2,0.4545454545454545,1.914
eurobb,2024-05-28,2024-05-28,FRA-A,home,Bourg-en-Bresse,0.5710000000000001,2.0,0.3333333333333333,1.7130000000000003
nba,2024-05-28,2024-05-28,,home,Dallas Mavericks,0.7340000000000001,-1.2,0.5454545454545454,1.345666666666667
wnba,2024-05-28,2024-05-28,,away,Los Angeles,0.48,1.75,0.3636363636363636,1.3199999999999998
npb,2024-05-29,2024-05-28,,away,Saitama Seibu Lions,0.526,1.35,0.425531914893617,1.2361
nhl,2024-05-28,2024-05-28,,home,Florida Panthers,0.627,-1.05,0.5121951219512195,1.2241428571428572
mlb,2024-05-28,2024-05-28,,home,Minnesota Twins,0.58,1.1,0.4761904761904761,1.218
nhl,2024-05-28,2024-05-28,,away,New York Rangers,0.373,2.25,0.3076923076923077,1.2122499999999998
wnba,2024-05-28,2024-05-28,,home,Connecticut,0.943,-3.51,0.778270509977827,1.2116609686609687
eurobb,2024-05-28,2024-05-28,BUL,home,Balkan,0.51,1.3,0.4347826086956522,1.1729999999999998
mlb,2024-05-28,2024-05-28,,home,Texas Rangers,0.5529999999999999,1.05,0.4878048780487805,1.1336499999999998
mlb,2024-05-28,2024-05-28,,home,San Diego Padres,0.639,-1.3,0.5652173913043479,1.1305384615384615
mlb,2024-05-28,2024-05-28,,away,Cleveland Guardians,0.645,-1.35,0.574468085106383,1.1227777777777777
mlb,2024-05-28,2024-05-28,,home,San Francisco Giants,0.39,1.8,0.3571428571428571,1.092
mlb,2024-05-28,2024-05-28,,home,Tampa Bay Rays,0.7,-1.8,0.6428571428571429,1.0888888888888888
mlb,2024-05-28,2024-05-28,,away,Los Angeles Dodgers,0.61,-1.35,0.574468085106383,1.0618518518518518
npb,2024-05-29,2024-05-28,,away,Tohoku Rakuten Golden Eagles,0.51,1.05,0.4878048780487805,1.0455
mlb,2024-05-28,2024-05-28,,away,Houston Astros,0.486,1.15,0.4651162790697674,1.0449
eurobb,2024-05-28,2024-05-28,ESP,home,Unicaja,0.895,-6.54,0.8673740053050398,1.0318501529051989
eurobb,2024-05-28,2024-05-28,ISR,home,Maccabi Tel Aviv,0.969,-16.13,0.9416228838295388,1.0290743955362678
npb,2024-05-29,2024-05-28,,away,Chiba Lotte Marines,0.544,-1.15,0.5348837209302325,1.0170434782608695
eurobb,2024-05-28,2024-05-28,ISR,home,Hapoel Jerusalem,0.7709999999999999,-3.21,0.7624703087885986,1.0111869158878504
npb,2024-05-29,2024-05-28,,home,Yomiuri Giants,0.446,1.25,0.4444444444444444,1.0035
mlb,2024-05-28,2024-05-28,,home,Baltimore Orioles,0.629,-1.7,0.6296296296296295,0.999
mlb,2024-05-28,2024-05-28,,away,New York Yankees,0.6409999999999999,-1.8,0.6428571428571429,0.9971111111111108
mlb,2024-05-28,2024-05-28,,away,Pittsburgh Pirates,0.431,1.3,0.4347826086956522,0.9912999999999998
mlb,2024-05-28,2024-05-28,,away,St. Louis Cardinals,0.466,1.1,0.4761904761904761,0.9786
mlb,2024-05-28,2024-05-28,,away,Chicago Cubs,0.4029999999999999,1.4,0.4166666666666667,0.9671999999999998
mlb,2024-05-28,2024-05-28,,home,Atlanta Braves,0.703,-2.7,0.7297297297297297,0.9633703703703704
mlb,2024-05-28,2024-05-28,,away,Toronto Blue Jays,0.652,-2.1,0.6774193548387097,0.9624761904761904
mlb,2024-05-28,2024-05-28,,home,Milwaukee Brewers,0.597,-1.65,0.6226415094339622,0.9588181818181818
mlb,2024-05-28,2024-05-28,,home,Chicago White Sox,0.348,1.75,0.3636363636363636,0.957
mlb,2024-05-28,2024-05-28,,away,Washington Nationals,0.297,2.2,0.3125,0.9504
mlb,2024-05-28,2024-05-28,,home,Cincinnati Reds,0.534,-1.3,0.5652173913043479,0.9447692307692308
amerbb,2024-05-28,2024-05-28,MEX,away,Tijuana,0.627,-2.0,0.6666666666666666,0.9405
mlb,2024-05-28,2024-05-28,,home,Detroit Tigers,0.569,-1.55,0.607843137254902,0.9360967741935482
amerbb,2024-05-28,2024-05-28,MEX,home,Guaymas,0.373,1.5,0.4,0.9325
npb,2024-05-29,2024-05-28,,away,Fukuoka Softbank Hawks,0.5539999999999999,-1.5,0.6,0.9233333333333332
mlb,2024-05-28,2024-05-28,,away,Boston Red Sox,0.371,1.45,0.4081632653061224,0.90895
mlb,2024-05-28,2024-05-28,,home,Los Angeles Angels,0.359,1.5,0.4,0.8975
mlb,2024-05-28,2024-05-28,,home,Seattle Mariners,0.514,-1.35,0.574468085106383,0.8947407407407407
npb,2024-05-29,2024-05-28,,home,Tokyo Yakult Swallows,0.456,-1.05,0.5121951219512195,0.8902857142857143
mlb,2024-05-28,2024-05-28,,away,Philadelphia Phillies,0.61,-2.2,0.6875,0.8872727272727272
npb,2024-05-29,2024-05-28,,home,Yokohama BayStars,0.49,-1.25,0.5555555555555556,0.8819999999999999
mlb,2024-05-28,2024-05-28,,home,New York Mets,0.39,1.15,0.4651162790697674,0.8385
mlb,2024-05-28,2024-05-28,,away,Arizona Diamondbacks,0.447,-1.25,0.5555555555555556,0.8046
npb,2024-05-29,2024-05-28,,home,Chunichi Dragons,0.474,-1.6,0.6153846153846154,0.7702499999999999
wnba,2024-05-28,2024-05-28,,home,Indiana,0.52,-2.1,0.6774193548387097,0.7676190476190475
mlb,2024-05-28,2024-05-28,,home,Colorado Rockies,0.355,1.15,0.4651162790697674,0.76325
eurobb,2024-05-28,2024-05-28,BUL,away,Rilski Sportist,0.49,-1.8,0.6428571428571429,0.7622222222222221
mlb,2024-05-28,2024-05-28,,away,Miami Marlins,0.361,1.1,0.4761904761904761,0.7581
mlb,2024-05-28,2024-05-28,,away,Oakland Athletics,0.3,1.5,0.4,0.7499999999999999
mlb,2024-05-28,2024-05-28,,away,Kansas City Royals,0.42,-1.3,0.5652173913043479,0.743076923076923
eurobb,2024-05-28,2024-05-28,ISR,away,Hapoel Holon,0.2289999999999999,2.2,0.3125,0.7327999999999999
eurobb,2024-05-28,2024-05-28,FRA-A,away,AS Monaco,0.429,-2.45,0.7101449275362319,0.6041020408163265
eurobb,2024-05-28,2024-05-28,ESP,away,Murcia,0.105,4.75,0.1739130434782608,0.60375
nba,2024-05-28,2024-05-28,,away,Minnesota Timberwolves,0.266,1.0,0.5,0.532
eurobb,2024-05-28,2024-05-28,ISR,away,Ironi Nes Ziona,0.031,7.0,0.125,0.248
wnba,2024-05-28,2024-05-28,,away,Seattle,0.13,-1.4,0.5833333333333334,0.2228571428571428
wnba,2024-05-28,2024-05-28,,away,Phoenix,0.057,2.75,0.2666666666666666,0.21375
kbo,2024-05-28,2024-05-27,,home,Doosan Bears,0.513,1.8,0.3571428571428571,1.4364
nhl,2024-05-27,2024-05-27,,away,Dallas Stars,0.526,1.7,0.3703703703703703,1.4202
nba,2024-05-27,2024-05-27,,home,Indiana Pacers,0.423,2.35,0.2985074626865671,1.41705
mlb,2024-05-27,2024-05-27,,away,Philadelphia Phillies,0.61,1.05,0.4878048780487805,1.2505
mlb,2024-05-27,2024-05-27,,away,Cleveland Guardians,0.643,-1.3,0.5652173913043479,1.1376153846153845
npb,2024-05-28,2024-05-27,,away,Tohoku Rakuten Golden Eagles,0.507,1.2,0.4545454545454545,1.1154
npb,2024-05-28,2024-05-27,,away,Chiba Lotte Marines,0.544,1.05,0.4878048780487805,1.1152
milb,2024-05-27,2024-05-27,INT,home,Indianapolis Indians,0.456,1.4,0.4166666666666667,1.0944
mlb,2024-05-27,2024-05-27,,away,Los Angeles Dodgers,0.619,-1.35,0.574468085106383,1.0775185185185183
mlb,2024-05-27,2024-05-27,,home,Seattle Mariners,0.513,1.1,0.4761904761904761,1.0773
nhl,2024-05-27,2024-05-27,,home,Edmonton Oilers,0.474,1.25,0.4444444444444444,1.0665
mlb,2024-05-27,2024-05-27,,away,St. Louis Cardinals,0.4679999999999999,1.25,0.4444444444444444,1.053
npb,2024-05-28,2024-05-27,,away,Saitama Seibu Lions,0.526,1.0,0.5,1.052
kbo,2024-05-28,2024-05-27,,away,LG Twins,0.578,-1.25,0.5555555555555556,1.0403999999999998
kbo,2024-05-28,2024-05-27,,home,Samsung Lions,0.5770000000000001,-1.25,0.5555555555555556,1.0386
mlb,2024-05-27,2024-05-27,,home,Atlanta Braves,0.696,-2.05,0.6721311475409836,1.0355121951219513
mlb,2024-05-27,2024-05-27,,home,Baltimore Orioles,0.629,-1.55,0.607843137254902,1.0348064516129032
mlb,2024-05-27,2024-05-27,,away,Kansas City Royals,0.419,1.45,0.4081632653061224,1.02655
npb,2024-05-28,2024-05-27,,away,Orix Buffaloes,0.499,1.05,0.4878048780487805,1.0229499999999998
kbo,2024-05-28,2024-05-27,,home,NC Dinos,0.523,-1.05,0.5121951219512195,1.021095238095238
npb,2024-05-28,2024-05-27,,home,Hanshin Tigers,0.612,-1.55,0.607843137254902,1.0068387096774192
mlb,2024-05-27,2024-05-27,,home,San Diego Padres,0.64,-1.8,0.6428571428571429,0.9955555555555556
npb,2024-05-28,2024-05-27,,away,Fukuoka Softbank Hawks,0.557,-1.3,0.5652173913043479,0.9854615384615384
mlb,2024-05-27,2024-05-27,,away,Toronto Blue Jays,0.653,-2.0,0.6666666666666666,0.9795
kbo,2024-05-28,2024-05-27,,home,Hanwha Eagles,0.487,1.0,0.5,0.974
kbo,2024-05-28,2024-05-27,,away,Lotte Giants,0.513,-1.2,0.5454545454545454,0.9405
npb,2024-05-28,2024-05-27,,home,Yomiuri Giants,0.4429999999999999,1.1,0.4761904761904761,0.9303
mlb,2024-05-27,2024-05-27,,home,Minnesota Twins,0.581,-1.7,0.6296296296296295,0.922764705882353
mlb,2024-05-27,2024-05-27,,home,Chicago White Sox,0.347,1.65,0.3773584905660377,0.91955
npb,2024-05-28,2024-05-27,,home,Hiroshima Toyo Carp,0.501,-1.25,0.5555555555555556,0.9018
mlb,2024-05-27,2024-05-27,,away,Miami Marlins,0.36,1.5,0.4,0.8999999999999999
npb,2024-05-28,2024-05-27,,away,Hokkaido Nippon Ham Fighters,0.3879999999999999,1.3,0.4347826086956522,0.8923999999999999
kbo,2024-05-28,2024-05-27,,away,Kia Tigers,0.477,-1.15,0.5348837209302325,0.8917826086956523
mlb,2024-05-27,2024-05-27,,home,Cincinnati Reds,0.532,-1.5,0.6,0.8866666666666667
npb,2024-05-28,2024-05-27,,home,Chunichi Dragons,0.474,-1.2,0.5454545454545454,0.869
kbo,2024-05-28,2024-05-27,,away,Kiwoom Heroes,0.423,1.05,0.4878048780487805,0.8671499999999999
kbo,2024-05-28,2024-05-27,,home,SSG Landers,0.422,1.05,0.4878048780487805,0.8651
milb,2024-05-27,2024-05-27,INT,away,Omaha Storm Chasers,0.544,-1.7,0.6296296296296295,0.8640000000000002
mlb,2024-05-27,2024-05-27,,away,Houston Astros,0.487,-1.3,0.5652173913043479,0.8616153846153846
mlb,2024-05-27,2024-05-27,,away,Boston Red Sox,0.371,1.3,0.4347826086956522,0.8533
npb,2024-05-28,2024-05-27,,home,Yokohama BayStars,0.493,-1.4,0.5833333333333334,0.8451428571428571
mlb,2024-05-27,2024-05-27,,away,Washington Nationals,0.304,1.7,0.3703703703703703,0.8208
npb,2024-05-28,2024-05-27,,home,Tokyo Yakult Swallows,0.456,-1.25,0.5555555555555556,0.8208
mlb,2024-05-27,2024-05-27,,home,New York Mets,0.381,1.15,0.4651162790697674,0.81915
nba,2024-05-27,2024-05-27,,away,Boston Celtics,0.5770000000000001,-2.91,0.7442455242966752,0.7752817869415808
mlb,2024-05-27,2024-05-27,,home,Colorado Rockies,0.357,1.1,0.4761904761904761,0.7497000000000001
kbo,2024-05-28,2024-05-27,,away,KT Wiz,0.487,-2.2,0.6875,0.7083636363636364
mlb,2024-05-27,2024-05-27,,home,San Francisco Giants,0.39,-1.25,0.5555555555555556,0.702
